{"cameraMode":{"drawMode":0,"name":"Shaded","section":"Shading Mode"},"sceneLighting":false,"audioPlay":false,"sceneViewState":{"showFog":true,"showMaterialUpdate":false,"showSkybox":true,"showFlares":true,"showImageEffects":true,"showParticleSystems":true},"in2DMode":false,"pivot":{"x":152.40499877929688,"y":-14.516241073608399,"z":-13.67988395690918},"rotation":{"x":-0.0059956591576337818,"y":-0.03898932784795761,"z":-0.00024060024588834494,"w":0.9992281794548035},"size":10.507275581359864,"orthographic":true}