{"cameraMode":{"drawMode":0,"name":"Shaded","section":"Shading Mode"},"sceneLighting":true,"audioPlay":false,"sceneViewState":{"showFog":true,"showMaterialUpdate":false,"showSkybox":true,"showFlares":true,"showImageEffects":true,"showParticleSystems":true},"in2DMode":false,"pivot":{"x":482.99957275390627,"y":-12.079129219055176,"z":0.15949440002441407},"rotation":{"x":0.19060343503952027,"y":0.04709961265325546,"z":-0.009161513298749924,"w":0.9805012345314026},"size":26.452259063720704,"orthographic":false}