{"cameraMode":{"drawMode":0,"name":"Shaded","section":"Shading Mode"},"sceneLighting":true,"audioPlay":false,"sceneViewState":{"showFog":true,"showMaterialUpdate":false,"showSkybox":true,"showFlares":true,"showImageEffects":true,"showParticleSystems":true},"in2DMode":false,"pivot":{"x":-82.31999969482422,"y":-14.374000549316407,"z":-1.255484700202942},"rotation":{"x":0.1692722737789154,"y":-0.05909811332821846,"z":0.010161285288631916,"w":0.9837561249732971},"size":1.8166618347167969,"orthographic":false}